strategy,auroc,auprc,brier_score,optimal_threshold,sensitivity,specificity,f1,confusion_matrix,ece,dm_estimate,agreement_rate
S1_Static_XGBoost,0.7200000000000001,0.6690476190476191,0.18094120126019658,0.4795611798763275,0.6,0.9,0.6666666666666666,"[[9, 1], [2, 3]]",0.11605550597111383,,
S2_TimeWindow_XGBoost,0.48000000000000004,0.5266666666666666,0.3053056444518101,0.9030798077583313,0.4,0.9,0.5,"[[9, 1], [3, 2]]",0.34144101440906527,,
S3_CQL_RL,,,,,,,,,,-7.466753832499186,0.6540066777963273
